Genes,Chromosome,Start,End,Size,Type
Bn1,1,22432201,22842907,410707,RLP
Bn2,1,55064321,55804280,739960,TN
Bn3,1,72002898,72966784,963887,RLP
Bn4,1,43235073,43432064,196992,TN
Bn5,1,82863092,83592808,729717,TM-CC
Bn6,1,81590189,81715621,125433,OTHER
Bn7,1,49597180,49676354,79175,TM-CC
Bn8,1,80152970,80824422,671453,NBS
Bn9,1,92865054,93239944,374891,RLK
Bn10,1,35045108,35553260,508153,TNL
Bn11,1,12989941,13672770,682830,TM-CC
Bn12,1,19692442,20214776,522335,RLK
Bn13,1,74288851,75224882,936032,TNL
Bn14,1,99218609,100173619,955011,CNL
Bn15,1,33383811,34166907,783097,NBS
Bn16,1,64127379,64327469,200091,NBS
Bn17,1,84590114,85292898,702785,RLP
Bn18,1,89738311,90703391,965081,RLK
Bn19,1,44318200,44344623,26424,OTHER
Bn20,1,99255094,100126924,871831,CN
Bn21,1,5211208,6210855,999648,TX
Bn22,1,93529303,93901038,371736,RLP
Bn23,1,9956410,10333738,377329,RLP
Bn24,1,80002345,80387272,384928,RLK
Bn25,1,42933849,43931679,997831,TNL
Bn26,1,33620590,33851276,230687,TM-CC
Bn27,1,24320654,25025246,704593,NBS
Bn28,1,96766337,97425450,659114,TM-CC
Bn29,1,42648420,43348845,700426,TX
Bn30,1,30982519,31473790,491272,RLP
Bn31,1,78502538,79317124,814587,TX
Bn32,1,80606496,81405752,799257,OTHER
Bn33,1,34997097,35439742,442646,RLP
Bn34,1,1761367,2119356,357990,RLK
Bn35,1,93678081,93946722,268642,RLP
Bn36,1,19300873,19626125,325253,CNL
Bn37,1,85304632,85863919,559288,NBS
Bn38,1,43955098,44763308,808211,RLK
Bn39,1,62057229,62446834,389606,TX
Bn40,1,99010238,99224258,214021,NBS
Bn41,1,4855276,4900266,44991,CN
Bn42,1,30964632,31766502,801871,RLK
Bn43,1,52077509,52442178,364670,CN
Bn44,1,96476373,96622596,146224,TM-CC
Bn45,1,44730617,45403351,672735,RLK
Bn46,1,4618830,5204906,586077,TX
Bn47,1,1463942,1908796,444855,TN
Bn48,1,22381510,23276454,894945,TN
Bn49,1,80862921,81465390,602470,CNL
Bn50,1,51180250,51539479,359230,TM-CC
Bn51,1,45470981,46231455,760475,NBS
Bn52,1,29489479,29948573,459095,CN
Bn53,1,41281468,41615009,333542,OTHER
Bn54,1,72944346,73575417,631072,NBS
Bn55,2,83322138,83545455,223318,NBS
Bn56,2,97739970,98666248,926279,RLP
Bn57,2,99022754,99577992,555239,CNL
Bn58,2,57870882,58698109,827228,RLK
Bn59,2,95132352,95299290,166939,TN
Bn60,2,86514373,86732676,218304,TM-CC
Bn61,2,3773397,4269287,495891,TNL
Bn62,2,87091211,87896427,805217,NBS
Bn63,2,29265058,30094853,829796,OTHER
Bn64,2,53174800,53957266,782467,TX
Bn65,2,91730997,92448536,717540,TM-CC
Bn66,2,56466794,57087863,621070,NBS
Bn67,2,25352460,26211186,858727,NBS
Bn68,2,66927481,67041133,113653,OTHER
Bn69,2,2770166,2776251,6086,TM-CC
Bn70,2,43039177,43308981,269805,CNL
Bn71,2,53893692,54800011,906320,CNL
Bn72,2,71955828,72424804,468977,TNL
Bn73,2,74086118,74741406,655289,TN
Bn74,2,12522226,12879436,357211,TX
Bn75,2,10867535,11431717,564183,NBS
Bn76,2,84588264,84658274,70011,TN
Bn77,2,15845553,16674826,829274,TX
Bn78,2,45990723,46329685,338963,NBS
Bn79,2,56352358,56710476,358119,CN
Bn80,2,67021734,67944339,922606,CN
Bn81,2,99994917,100563462,568546,RLP
Bn82,2,57403860,57778557,374698,RLP
Bn83,2,36513307,36831073,317767,OTHER
Bn84,2,62174986,62643836,468851,RLK
Bn85,2,75657255,76114436,457182,CN
Bn86,2,81755230,81847710,92481,OTHER
Bn87,2,76683581,77058291,374711,RLK
Bn88,2,53777028,53935182,158155,RLP
Bn89,2,28342332,28882929,540598,OTHER
Bn90,2,18835425,19045247,209823,TM-CC
Bn91,2,7521238,7665477,144240,NBS
Bn92,2,64793670,65060605,266936,CNL
Bn93,2,17075991,17771497,695507,RLK
Bn94,2,34446209,35383252,937044,TN
Bn95,2,97089974,97749185,659212,TNL
Bn96,2,55838818,56167366,328549,TX
Bn97,2,34049045,34119941,70897,CN
Bn98,2,17981771,18693061,711291,TNL
Bn99,2,21150176,21691657,541482,TM-CC
Bn100,3,20553832,21512937,959106,RLP
Bn101,3,20159018,20468480,309463,RLK
Bn102,3,33347457,33380617,33161,CN
Bn103,3,53767938,53826223,58286,RLK
Bn104,3,93166412,93790729,624318,RLK
Bn105,3,40180910,40745549,564640,NBS
Bn106,3,92538413,93205731,667319,TNL
Bn107,3,17279626,17513845,234220,TX
Bn108,3,2670162,3578563,908402,RLP
Bn109,3,19003113,19603596,600484,NBS
Bn110,3,4004182,4031101,26920,RLP
Bn111,3,6453066,7413563,960498,TX
Bn112,3,93597524,94071170,473647,OTHER
Bn113,3,33889968,34759961,869994,RLK
Bn114,3,78251443,78736776,485334,TN
Bn115,3,41195990,41622370,426381,TNL
Bn116,3,84997668,85463540,465873,CNL
Bn117,3,82043508,83023583,980076,TM-CC
Bn118,3,83185157,83599488,414332,RLP
Bn119,3,84155733,84840281,684549,TNL
Bn120,3,30874993,31451730,576738,TM-CC
Bn121,3,13262554,13899313,636760,TNL
Bn122,3,73837201,73856592,19392,CN
Bn123,3,61874021,61953369,79349,CN
Bn124,3,99540082,99673516,133435,OTHER
Bn125,3,72419213,72813412,394200,OTHER
Bn126,3,9760297,10118313,358017,CNL
Bn127,3,47340737,48039852,699116,OTHER
Bn128,3,51065159,51362449,297291,TM-CC
Bn129,3,80138519,80297628,159110,OTHER
Bn130,3,94667301,95186765,519465,CN
Bn131,3,46641287,47607572,966286,TX
Bn132,3,27369320,27473126,103807,TNL
Bn133,3,81184422,81993031,808610,CNL
Bn134,3,66818372,67746936,928565,CN
Bn135,3,96581060,96673849,92790,RLP
Bn136,3,25128901,25705547,576647,RLK
Bn137,3,21863441,22174704,311264,RLP
Bn138,3,56733964,56951811,217848,NBS
Bn139,3,60783631,61678939,895309,TX
Bn140,3,67587121,68226978,639858,RLP
Bn141,3,54341853,54677225,335373,NBS
Bn142,3,91983239,92181689,198451,RLK
Bn143,3,70100215,70940225,840011,CN
Bn144,3,11529444,11768926,239483,RLP
Bn145,3,50457194,51316923,859730,TN
Bn146,3,88524513,89011127,486615,TN
Bn147,3,79798882,80646586,847705,TN
Bn148,3,48217897,48523442,305546,RLP
Bn149,3,25547341,25744706,197366,RLP
Bn150,3,25448596,25617825,169230,TN
Bn151,4,63212739,63413131,200393,RLP
Bn152,4,6937528,7389242,451715,TM-CC
Bn153,4,16613991,17442736,828746,OTHER
Bn154,4,89343077,90059664,716588,TNL
Bn155,4,83271382,83700072,428691,TNL
Bn156,4,68698791,69156967,458177,TN
Bn157,4,2696397,3049726,353330,RLP
Bn158,4,54774353,55364293,589941,NBS
Bn159,4,93733637,94713891,980255,CNL
Bn160,4,5122243,5949902,827660,TX
Bn161,4,43592592,43916629,324038,CNL
Bn162,4,44335873,44380631,44759,RLP
Bn163,4,36343476,36952789,609314,NBS
Bn164,4,33814983,34771816,956834,OTHER
Bn165,4,56842044,56994946,152903,RLP
Bn166,4,36880482,37077045,196564,TN
Bn167,4,24327395,25052255,724861,TN
Bn168,4,76094826,76853355,758530,TNL
Bn169,4,10697896,11011217,313322,RLP
Bn170,4,91136991,91381234,244244,TX
Bn171,4,92858962,92899711,40750,CNL
Bn172,4,13812833,13868231,55399,RLP
Bn173,4,57610242,58294293,684052,TX
Bn174,4,7429759,7431471,1713,OTHER
Bn175,4,16792019,16797390,5372,TNL
Bn176,4,1637487,2043749,406263,OTHER
Bn177,4,44247279,44915683,668405,RLP
Bn178,4,34623162,35584795,961634,NBS
Bn179,4,14343451,14681785,338335,CN
Bn180,4,13124379,13567676,443298,RLK
Bn181,4,60947136,61545700,598565,RLK
Bn182,4,24866014,25744636,878623,TN
Bn183,4,19155586,20044445,888860,TN
Bn184,4,57161371,58067513,906143,RLP
Bn185,4,35492134,35955389,463256,RLP
Bn186,4,71704939,71807295,102357,TN
Bn187,4,42930035,43358645,428611,RLP
Bn188,4,5536940,6145848,608909,TM-CC
Bn189,4,12998170,13819822,821653,TM-CC
Bn190,4,88381724,88732986,351263,TX
Bn191,4,21445433,22162787,717355,CN
Bn192,4,81303406,81495048,191643,TM-CC
Bn193,4,78341461,78849548,508088,OTHER
Bn194,4,78012590,78031631,19042,TM-CC
Bn195,4,65247617,66221390,973774,OTHER
Bn196,4,56088179,56831354,743176,TN
Bn197,4,88581912,89277860,695949,TNL
Bn198,4,70646927,71631409,984483,OTHER
Bn199,4,18764658,18849235,84578,TN
Bn200,5,45085512,45363794,278283,TNL
Bn201,5,88488076,89357607,869532,OTHER
Bn202,5,37532321,38361603,829283,TX
Bn203,5,61662866,62391208,728343,RLP
Bn204,5,42270761,42876531,605771,RLP
Bn205,5,37944952,38350144,405193,TX
Bn206,5,47084379,47290640,206262,CN
Bn207,5,81631798,82510159,878362,TNL
Bn208,5,70989270,71360538,371269,RLP
Bn209,5,28845561,29001610,156050,TX
Bn210,5,30615103,30749267,134165,RLK
Bn211,5,28168393,28343561,175169,TX
Bn212,5,46040938,46801430,760493,RLK
Bn213,5,76710928,77021831,310904,TX
Bn214,5,53933136,53938390,5255,NBS
Bn215,5,52335105,53101332,766228,OTHER
Bn216,5,93580637,94295497,714861,OTHER
Bn217,5,6034493,6959025,924533,RLP
Bn218,5,9795728,10175268,379541,RLK
Bn219,5,99564934,100163792,598859,TM-CC
Bn220,5,94796716,95634085,837370,TM-CC
Bn221,5,17756489,18232914,476426,TN
Bn222,5,27888509,28309713,421205,NBS
Bn223,5,33434930,34369256,934327,OTHER
Bn224,5,93544951,94243692,698742,TN
Bn225,5,31281565,31798145,516581,CNL
Bn226,5,42231969,42916436,684468,RLP
Bn227,5,82253045,82498792,245748,RLP
Bn228,5,92327306,92918677,591372,OTHER
Bn229,5,85921321,86624173,702853,RLK
Bn230,5,72607544,73428770,821227,NBS
Bn231,5,28976406,29443559,467154,TX
Bn232,5,78384884,78822331,437448,CNL
Bn233,5,50578934,50628848,49915,TX
Bn234,5,34301583,35231966,930384,TM-CC
Bn235,5,54515108,54898566,383459,TN
Bn236,5,52736495,53259007,522513,CN
Bn237,5,61926001,61987937,61937,RLP
Bn238,5,61603819,61939182,335364,TX
Bn239,5,95723850,95918362,194513,RLP
Bn240,5,43806042,44402655,596614,CN
Bn241,5,45624797,45702199,77403,CN
Bn242,5,64683836,65283512,599677,OTHER
Bn243,5,70896717,70984367,87651,OTHER
Bn244,5,31933841,32674062,740222,RLK
Bn245,5,93485235,94081633,596399,CNL
Bn246,5,49321367,49674584,353218,TM-CC
Bn247,5,36302147,37275076,972930,TN
Bn248,5,38961506,39668183,706678,CNL
Bn249,6,29837192,29972883,135692,CN
Bn250,6,67333418,67407299,73882,CNL
Bn251,6,65856491,66710259,853769,NBS
Bn252,6,65696692,65982300,285609,TM-CC
Bn253,6,72801722,73132788,331067,NBS
Bn254,6,65149869,65614321,464453,CNL
Bn255,6,70682318,71342871,660554,CNL
Bn256,6,77578144,78362228,784085,TM-CC
Bn257,6,80807836,81243389,435554,NBS
Bn258,6,80877853,81125722,247870,RLK
Bn259,6,91146701,91259073,112373,TNL
Bn260,6,16510543,16973663,463121,CN
Bn261,6,28943975,29567197,623223,TM-CC
Bn262,6,65655641,66121074,465434,TX
Bn263,6,23228590,23943489,714900,RLK
Bn264,6,55939976,56075495,135520,CNL
Bn265,6,48305319,48893613,588295,TN
Bn266,6,85239328,85940196,700869,NBS
Bn267,6,74147346,74784556,637211,CN
Bn268,6,29641144,29717054,75911,RLK
Bn269,6,69789473,70331247,541775,CNL
Bn270,6,69438331,70257695,819365,TX
Bn271,6,28093980,28780205,686226,TX
Bn272,6,17541435,17802191,260757,TX
Bn273,6,56699942,56714113,14172,TX
Bn274,6,96861252,97245448,384197,TNL
Bn275,6,87842541,88715368,872828,CNL
Bn276,6,56092714,56683095,590382,TM-CC
Bn277,6,79383681,79998894,615214,OTHER
Bn278,6,43581290,44192760,611471,OTHER
Bn279,6,85665061,85912602,247542,TM-CC
Bn280,6,1492895,2352197,859303,OTHER
Bn281,6,85892488,86872223,979736,CN
Bn282,6,75350735,76341629,990895,CNL
Bn283,6,81730833,82095601,364769,CNL
Bn284,6,52456098,52755494,299397,CNL
Bn285,6,57203699,57262471,58773,NBS
Bn286,6,32007846,32596605,588760,RLP
Bn287,6,87752209,87954320,202112,CN
Bn288,6,21906581,21912895,6315,TX
Bn289,6,14212622,15210794,998173,RLP
Bn290,6,83505904,84499338,993435,TX
Bn291,6,70127973,70545785,417813,TNL
Bn292,6,69009310,69215753,206444,TNL
Bn293,6,60148493,60427397,278905,TNL
Bn294,6,6297481,6800450,502970,TM-CC
Bn295,6,2871084,3515675,644592,NBS
Bn296,6,95284841,95291407,6567,TNL
Bn297,6,64404055,65080932,676878,RLP
Bn298,6,63900396,64417894,517499,TX
Bn299,6,24704697,24782021,77325,CN
Bn300,7,14935843,15027579,91737,RLP
Bn301,7,60689801,61581077,891277,TX
Bn302,7,3711966,4276080,564115,RLK
Bn303,7,41699702,42246045,546344,RLK
Bn304,7,52013463,52531410,517948,TN
Bn305,7,16567204,16758625,191422,TX
Bn306,7,75068959,75122445,53487,TN
Bn307,7,61360040,61576628,216589,TX
Bn308,7,55618081,55926704,308624,NBS
Bn309,7,54347364,54892945,545582,TN
Bn310,7,68951407,69059176,107770,RLP
Bn311,7,75161381,75196330,34950,OTHER
Bn312,7,31062363,31076137,13775,TX
Bn313,7,22962833,23612834,650002,CNL
Bn314,7,97170601,97305820,135220,NBS
Bn315,7,25321942,25493861,171920,TX
Bn316,7,33980359,34677411,697053,TNL
Bn317,7,13044860,13604167,559308,CN
Bn318,7,92022780,93019901,997122,TM-CC
Bn319,7,25196965,25635715,438751,TM-CC
Bn320,7,48080643,48293996,213354,TNL
Bn321,7,85315952,85720529,404578,TNL
Bn322,7,99017408,99749313,731906,TM-CC
Bn323,7,90092449,90151975,59527,TN
Bn324,7,65855915,66106203,250289,RLP
Bn325,7,75060100,76013565,953466,TN
Bn326,7,99805858,99967153,161296,RLK
Bn327,7,9626466,9720538,94073,RLP
Bn328,7,18428050,18823588,395539,CN
Bn329,7,61867442,62055532,188091,TX
Bn330,7,60015233,60233580,218348,RLK
Bn331,7,32503580,32808108,304529,OTHER
Bn332,7,71968032,72570649,602618,TN
Bn333,7,69499433,69967518,468086,RLP
Bn334,7,49548620,50145163,596544,RLP
Bn335,7,43191269,43310690,119422,OTHER
Bn336,7,24411964,25379981,968018,TNL
Bn337,7,53275214,53573030,297817,TM-CC
Bn338,7,45200491,45811526,611036,CN
Bn339,7,71399034,71492549,93516,CNL
Bn340,7,45273055,45393268,120214,OTHER
Bn341,7,98194658,99178790,984133,NBS
Bn342,7,72424855,72964681,539827,TN
Bn343,7,6390109,7017093,626985,OTHER
Bn344,7,74519227,75361240,842014,TNL
Bn345,7,88132106,88740913,608808,TNL
Bn346,7,62249136,62905722,656587,NBS
Bn347,7,64009973,64979205,969233,TN
Bn348,7,82089715,82168815,79101,TM-CC
Bn349,7,4674697,5354961,680265,TNL
Bn350,7,6577763,7128281,550519,TN
Bn351,7,9850077,10305872,455796,TNL
Bn352,7,95099969,95784207,684239,CNL
Bn353,7,22894487,23509335,614849,CNL
Bn354,7,89612134,90097131,484998,RLP
Bn355,7,66231582,66478676,247095,OTHER
Bn356,7,52151224,52374170,222947,RLP
Bn357,7,11242329,11889553,647225,CN
Bn358,7,10417539,10641246,223708,TX
Bn359,8,97666573,98208095,541523,TNL
Bn360,8,95117447,95757537,640091,TX
Bn361,8,47276404,47369420,93017,RLP
Bn362,8,83015287,83362785,347499,CNL
Bn363,8,97286964,97959616,672653,CNL
Bn364,8,69652540,69898783,246244,TM-CC
Bn365,8,45407281,45972724,565444,RLP
Bn366,8,61689623,62077350,387728,TM-CC
Bn367,8,47286675,47337268,50594,NBS
Bn368,8,88122111,88825399,703289,NBS
Bn369,8,76658364,76683962,25599,TN
Bn370,8,82838718,83600115,761398,OTHER
Bn371,8,32482185,32706040,223856,TX
Bn372,8,73497265,73987711,490447,OTHER
Bn373,8,92344133,93005515,661383,TNL
Bn374,8,27108372,27138585,30214,TN
Bn375,8,64184107,64465296,281190,OTHER
Bn376,8,88434936,89166991,732056,NBS
Bn377,8,99704864,100150609,445746,RLP
Bn378,8,63088612,63942840,854229,NBS
Bn379,8,29321179,29637922,316744,TN
Bn380,8,88701833,89184843,483011,CNL
Bn381,8,29467757,29831691,363935,RLK
Bn382,8,56432729,56442629,9901,TN
Bn383,8,19158198,19574963,416766,CNL
Bn384,8,94940061,95483435,543375,NBS
Bn385,8,17343290,18255157,911868,NBS
Bn386,8,78838236,79470994,632759,OTHER
Bn387,8,71365688,72326663,960976,CNL
Bn388,8,44171628,44430347,258720,RLK
Bn389,8,94966058,95461034,494977,TN
Bn390,8,7809289,8129992,320704,NBS
Bn391,8,50038664,50226162,187499,TN
Bn392,8,63839578,63937925,98348,OTHER
Bn393,8,53887207,54141780,254574,RLP
Bn394,8,47743572,48276283,532712,TX
Bn395,8,30711960,31692736,980777,CNL
Bn396,8,57343568,57747058,403491,TN
Bn397,8,51931743,52157073,225331,RLP
Bn398,8,40101265,40552782,451518,TNL
Bn399,8,86244990,86567944,322955,RLP
Bn400,8,72361701,72945899,584199,TNL
Bn401,8,28427283,29315656,888374,RLP
Bn402,8,6687703,6808771,121069,NBS
Bn403,8,2990317,3808525,818209,CN
Bn404,8,32255303,32673052,417750,OTHER
Bn405,8,22379954,23003535,623582,CNL
Bn406,8,22386711,23106608,719898,TN
Bn407,8,78523714,78846753,323040,TNL
Bn408,8,18828042,19659602,831561,RLK
Bn409,8,52589470,52698111,108642,TNL
Bn410,9,93233061,94209504,976444,OTHER
Bn411,9,10410684,10978098,567415,RLP
Bn412,9,51989522,52516232,526711,CN
Bn413,9,90439898,90868162,428265,TM-CC
Bn414,9,44655355,44929221,273867,CNL
Bn415,9,33409714,33686632,276919,RLK
Bn416,9,2255841,2326861,71021,TNL
Bn417,9,33480512,33808516,328005,RLP
Bn418,9,94787622,95456338,668717,CN
Bn419,9,3428375,4348621,920247,RLP
Bn420,9,6008336,6614327,605992,TNL
Bn421,9,12972998,13475222,502225,RLK
Bn422,9,50710017,51339241,629225,RLP
Bn423,9,40775711,41092850,317140,RLP
Bn424,9,13738937,14079506,340570,RLP
Bn425,9,95781912,96347632,565721,CN
Bn426,9,78779978,79418398,638421,RLP
Bn427,9,38961975,39329347,367373,NBS
Bn428,9,76089643,76822188,732546,OTHER
Bn429,9,82377061,82619304,242244,RLK
Bn430,9,59405065,59788326,383262,TNL
Bn431,9,35868702,36453905,585204,TM-CC
Bn432,9,73307678,73994211,686534,CN
Bn433,9,95626590,96279013,652424,TM-CC
Bn434,9,11141067,11889655,748589,NBS
Bn435,9,93904662,94624273,719612,TX
Bn436,9,18336679,19251680,915002,TN
Bn437,9,99331398,99403692,72295,TX
Bn438,9,49457810,49474257,16448,RLK
Bn439,9,57819197,58615887,796691,TNL
Bn440,9,88167876,88735932,568057,CN
Bn441,9,25307559,25663435,355877,NBS
Bn442,9,62659914,62732211,72298,NBS
Bn443,9,28462132,29006296,544165,TX
Bn444,9,80791422,81389164,597743,CNL
Bn445,9,71892079,72422291,530213,RLP
Bn446,9,45711917,46179626,467710,TX
Bn447,9,40723251,41085293,362043,RLP
Bn448,9,62112247,62767233,654987,RLK
Bn449,9,27824151,28784687,960537,TX
Bn450,9,72184241,72572412,388172,TNL
Bn451,9,30916256,31645502,729247,OTHER
Bn452,9,28215120,28987067,771948,RLP
Bn453,9,90581813,90643088,61276,OTHER
Bn454,9,14949104,15530296,581193,RLP
Bn455,9,83575564,84145219,569656,TNL
Bn456,9,84542868,84649735,106868,RLP
Bn457,9,80927990,80932650,4661,RLP
Bn458,9,30740634,31335915,595282,TN
Bn459,9,44255167,44781074,525908,RLP
Bn460,9,89259939,89941655,681717,TNL
Bn461,9,94264426,94891271,626846,NBS
Bn462,9,37908058,38544401,636344,TM-CC
Bn463,10,69294914,69511868,216955,TNL
Bn464,10,34621002,35322425,701424,RLP
Bn465,10,24595800,25063234,467435,CNL
Bn466,10,85317108,86216686,899579,RLP
Bn467,10,9424984,9802957,377974,TN
Bn468,10,6749112,7351639,602528,TX
Bn469,10,57292085,57962627,670543,TN
Bn470,10,59435200,59546390,111191,RLK
Bn471,10,94252661,94975375,722715,TX
Bn472,10,88183426,88449617,266192,OTHER
Bn473,10,60742080,61270502,528423,CN
Bn474,10,16720154,17089689,369536,CNL
Bn475,10,91012299,91811411,799113,TN
Bn476,10,84331339,84491817,160479,TN
Bn477,10,70906319,71862246,955928,OTHER
Bn478,10,70235586,70797425,561840,TX
Bn479,10,12427168,12720083,292916,TNL
Bn480,10,6094259,6097806,3548,NBS
Bn481,10,56019652,56086131,66480,TNL
Bn482,10,91033333,91141870,108538,CN
Bn483,10,98115378,98628461,513084,RLP
Bn484,10,95830443,96425367,594925,NBS
Bn485,10,14117553,14425003,307451,RLP
Bn486,10,16843958,17013353,169396,NBS
Bn487,10,60740855,60973107,232253,TN
Bn488,10,47778137,48225439,447303,TN
Bn489,10,95801429,95847622,46194,RLK
Bn490,10,95013937,95331476,317540,OTHER
Bn491,10,9852336,10232533,380198,CNL
Bn492,10,41835090,42630172,795083,RLP
Bn493,10,49850889,50722152,871264,CNL
Bn494,10,59688510,60131450,442941,CN
Bn495,10,92400486,93383821,983336,RLP
Bn496,10,99752888,100738518,985631,TNL
Bn497,10,66305927,66826316,520390,CNL
Bn498,10,60616268,61238875,622608,CNL
Bn499,10,92534404,92853966,319563,OTHER
Bn500,10,86919691,86957650,37960,TN
Bn501,10,15611574,16456315,844742,TX
Bn502,10,18177294,18280531,103238,TX
Bn503,10,25304049,25870460,566412,TN
Bn504,10,85811902,86119220,307319,TNL
Bn505,10,2568373,2852759,284387,RLP
Bn506,10,87694423,88638019,943597,TN
Bn507,10,50120618,50612532,491915,RLK
Bn508,11,30381744,31225012,843269,OTHER
Bn509,11,52740110,53213583,473474,RLP
Bn510,11,8549822,8605067,55246,CN
Bn511,11,50855348,51653354,798007,NBS
Bn512,11,15690443,16467696,777254,NBS
Bn513,11,81462371,81831175,368805,RLP
Bn514,11,81821439,82031312,209874,RLK
Bn515,11,6004039,6108033,103995,RLP
Bn516,11,32706026,33149689,443664,TM-CC
Bn517,11,2693868,2732950,39083,OTHER
Bn518,11,31768057,31777078,9022,TM-CC
Bn519,11,89487759,90141947,654189,CNL
Bn520,11,92570130,93282975,712846,TM-CC
Bn521,11,61577879,62032816,454938,OTHER
Bn522,11,4881354,5092043,210690,TX
Bn523,11,23968480,24373978,405499,CN
Bn524,11,80855809,80909883,54075,RLP
Bn525,11,10677515,11347528,670014,TM-CC
Bn526,11,6987377,7311241,323865,CNL
Bn527,11,70304919,70596654,291736,TN
Bn528,11,13532684,13945267,412584,OTHER
Bn529,11,21955460,22238035,282576,CNL
Bn530,11,41587563,42505745,918183,OTHER
Bn531,11,56758513,57545519,787007,RLP
Bn532,11,40162262,40863331,701070,CNL
Bn533,11,20009827,20735917,726091,CN
Bn534,11,69966566,70365788,399223,NBS
Bn535,11,30534798,30870988,336191,RLP
Bn536,11,90257750,91171647,913898,RLK
Bn537,11,2681670,3130529,448860,RLK
Bn538,11,89084737,89593893,509157,TX
Bn539,11,79798878,80745941,947064,NBS
Bn540,11,68245429,68826924,581496,RLP
Bn541,11,92772873,93745563,972691,TM-CC
Bn542,11,14141948,14262946,120999,RLP
Bn543,11,99941760,100069802,128043,TNL
Bn544,11,12402204,12508004,105801,TX
Bn545,11,70991898,71315372,323475,TX
Bn546,11,35248844,35414428,165585,NBS
Bn547,11,7186565,8026271,839707,OTHER
Bn548,11,35252125,35924410,672286,RLK
Bn549,11,68047876,68798373,750498,RLK
Bn550,11,69621697,69624387,2691,TN
Bn551,11,5166937,5709052,542116,RLP
Bn552,11,27065352,27477380,412029,OTHER
Bn553,11,3669267,4330003,660737,TN
Bn554,11,76789682,77072661,282980,TNL
Bn555,11,48371132,48881721,510590,RLP
Bn556,11,44080934,44894439,813506,NBS
Bn557,11,65286664,65840789,554126,TX
Bn558,11,25439987,25580206,140220,CN
Bn559,12,49465601,50387789,922189,TNL
Bn560,12,36394480,36807742,413263,NBS
Bn561,12,56716359,57361717,645359,TX
Bn562,12,54710742,55233186,522445,NBS
Bn563,12,1094187,1591611,497425,OTHER
Bn564,12,44367050,45258217,891168,RLK
Bn565,12,29365968,30060901,694934,TM-CC
Bn566,12,54731135,55603213,872079,RLP
Bn567,12,52708892,52994645,285754,NBS
Bn568,12,25726947,25949419,222473,TX
Bn569,12,36738409,37374617,636209,TM-CC
Bn570,12,57999220,58753342,754123,CN
Bn571,12,35089581,35692163,602583,OTHER
Bn572,12,43936804,44151296,214493,TM-CC
Bn573,12,61007578,61119181,111604,TM-CC
Bn574,12,10054797,10407208,352412,TX
Bn575,12,49862860,50547614,684755,RLP
Bn576,12,80362410,81323222,960813,TN
Bn577,12,21993576,22521871,528296,TX
Bn578,12,97615455,98350961,735507,CNL
Bn579,12,5940325,6790938,850614,CNL
Bn580,12,40240810,41123408,882599,RLP
Bn581,12,27731521,27767777,36257,RLP
Bn582,12,7711257,8083910,372654,RLK
Bn583,12,74355687,74543526,187840,CN
Bn584,12,48924777,49524646,599870,OTHER
Bn585,12,83543071,84481849,938779,TX
Bn586,12,69582147,69758974,176828,TX
Bn587,12,52421729,52531290,109562,TNL
Bn588,12,31650016,32588322,938307,RLP
Bn589,12,66466868,66640976,174109,NBS
Bn590,12,57637903,58610324,972422,CN
Bn591,12,22128046,23006346,878301,RLP
Bn592,12,87805055,88110755,305701,TM-CC
Bn593,12,32228448,32750948,522501,TNL
Bn594,12,16473502,17465993,992492,OTHER
Bn595,12,15417461,16331558,914098,RLP
Bn596,12,80104692,80286475,181784,CN
Bn597,12,56639950,57104162,464213,TNL
Bn598,12,12389242,12478418,89177,NBS
Bn599,12,28546883,29525405,978523,OTHER
Bn600,12,43662521,44159868,497348,TN
Bn601,12,76404504,76737545,333042,OTHER
Bn602,12,42249250,42816949,567700,OTHER
Bn603,12,21570150,21846676,276527,TX
Bn604,12,88413160,89148576,735417,CN
Bn605,12,57325489,57457538,132050,TM-CC
Bn606,12,53663733,54099976,436244,TM-CC
Bn607,12,54454669,54538073,83405,RLP
Bn608,12,57003702,57049315,45614,RLP
Bn609,12,28777925,29668633,890709,RLP
Bn610,12,52251226,52848063,596838,RLP
Bn611,12,89332587,89658031,325445,RLP
Bn612,12,91008524,91587937,579414,TM-CC
Bn613,12,78398887,78899351,500465,NBS
Bn614,12,85116540,85716258,599719,OTHER
Bn615,12,53600046,54367241,767196,TX
Bn616,12,13033143,13676710,643568,TX
Bn617,12,98927034,99789827,862794,CNL
Bn618,12,84336477,84991769,655293,TNL
Bn619,12,30196346,30544397,348052,RLP
Bn620,12,39307822,40159719,851898,CNL
Bn621,12,96291288,97112419,821132,RLP
Bn622,12,75562339,75639277,76939,TX
Bn623,13,92363361,92545043,181683,TM-CC
Bn624,13,65868869,66265477,396609,RLP
Bn625,13,13051327,13796544,745218,TM-CC
Bn626,13,55565013,56177723,612711,NBS
Bn627,13,87916871,88060705,143835,TN
Bn628,13,33500132,34485523,985392,TN
Bn629,13,82797783,83273604,475822,TX
Bn630,13,10235051,10578587,343537,TX
Bn631,13,50891399,51373037,481639,RLK
Bn632,13,8835688,9537441,701754,CNL
Bn633,13,48182035,48785385,603351,RLK
Bn634,13,48320226,48996304,676079,TNL
Bn635,13,83764703,84035032,270330,TNL
Bn636,13,94038460,94520924,482465,TX
Bn637,13,41280979,41368230,87252,TX
Bn638,13,64300785,64920475,619691,NBS
Bn639,13,6800410,7668327,867918,RLP
Bn640,13,6220743,6971768,751026,CN
Bn641,13,65932372,66054946,122575,NBS
Bn642,13,71097015,71769852,672838,OTHER
Bn643,13,2514402,3276694,762293,TX
Bn644,13,98505941,98838605,332665,CNL
Bn645,13,49202517,49443652,241136,CNL
Bn646,13,47254721,47437078,182358,TM-CC
Bn647,13,57228787,57373789,145003,RLP
Bn648,13,61320972,61396551,75580,RLP
Bn649,13,13274504,13686303,411800,RLP
Bn650,13,87799507,88545170,745664,CN
Bn651,13,60528490,61411775,883286,RLP
Bn652,13,96686076,96930406,244331,RLP
Bn653,13,37752862,38459529,706668,RLP
Bn654,13,13476254,14228631,752378,OTHER
Bn655,13,2060526,2350877,290352,TN
Bn656,13,82441040,82477037,35998,RLK
Bn657,13,82544757,82630518,85762,TM-CC
Bn658,13,78195015,79073899,878885,TN
Bn659,13,31006899,31986146,979248,TX
Bn660,13,44485709,45465708,980000,TN
Bn661,13,99789522,100587502,797981,CN
Bn662,13,56632826,56907305,274480,CN
Bn663,13,90752005,91433963,681959,RLP
Bn664,13,26959834,27666375,706542,TX
Bn665,13,43906521,44806162,899642,TN
Bn666,13,11166811,11865687,698877,RLK
Bn667,13,10956670,11181259,224590,RLP
Bn668,13,56318156,57147953,829798,TN
Bn669,13,25236327,25565962,329636,TNL
Bn670,13,62464650,63320304,855655,CNL
Bn671,13,12340355,13015978,675624,NBS
Bn672,14,10581331,11339233,757903,CNL
Bn673,14,66975730,67473770,498041,RLP
Bn674,14,34059503,34859639,800137,RLP
Bn675,14,40076155,40913676,837522,NBS
Bn676,14,4770877,5591959,821083,TN
Bn677,14,14066550,14828539,761990,CNL
Bn678,14,59413343,59431165,17823,RLP
Bn679,14,54986516,55339678,353163,TX
Bn680,14,32804627,32839312,34686,TM-CC
Bn681,14,14809536,15771514,961979,RLK
Bn682,14,38896767,39274460,377694,TN
Bn683,14,95583850,95812057,228208,TX
Bn684,14,29042246,29962020,919775,TNL
Bn685,14,24194095,24766240,572146,CN
Bn686,14,89988866,90585820,596955,CNL
Bn687,14,73363959,73714181,350223,TX
Bn688,14,42339350,42355974,16625,RLP
Bn689,14,28881034,29433256,552223,NBS
Bn690,14,77020624,77443257,422634,TN
Bn691,14,90794015,91010567,216553,TNL
Bn692,14,27361246,28031532,670287,RLP
Bn693,14,56842048,56868509,26462,NBS
Bn694,14,41570936,42017696,446761,RLK
Bn695,14,58903961,59654013,750053,RLK
Bn696,14,18687307,19471009,783703,RLP
Bn697,14,96458801,97149820,691020,TX
Bn698,14,83909720,84165098,255379,CN
Bn699,14,14912062,15467561,555500,RLK
Bn700,14,42614671,42980838,366168,OTHER
Bn701,14,96470873,96867793,396921,OTHER
Bn702,14,87645955,88019529,373575,NBS
Bn703,14,36150477,36697272,546796,TNL
Bn704,14,38291566,38946962,655397,TNL
Bn705,14,47064203,47843201,778999,NBS
Bn706,14,43018897,43058430,39534,NBS
Bn707,14,29773609,30710367,936759,TX
Bn708,14,43563531,44313407,749877,TX
Bn709,14,78192117,79040018,847902,TX
Bn710,14,99838863,100533001,694139,TX
Bn711,14,40752039,41505767,753729,RLP
Bn712,14,5994516,6914637,920122,RLP
Bn713,14,87622783,88468254,845472,TN
Bn714,14,74779896,74871160,91265,TX
Bn715,14,87726592,87944298,217707,TM-CC
Bn716,14,11854380,12361013,506634,RLP
Bn717,14,44511129,44515715,4587,NBS
Bn718,14,19306523,20003470,696948,TX
Bn719,14,20940732,21325908,385177,RLP
Bn720,14,53350877,53763404,412528,TN
Bn721,14,35879428,36382302,502875,NBS
Bn722,14,19201343,19364279,162937,RLP
Bn723,14,98825788,99135393,309606,NBS
Bn724,15,56008503,56480611,472109,CN
Bn725,15,88875363,89387746,512384,TM-CC
Bn726,15,38498260,39381446,883187,OTHER
Bn727,15,7094817,7559983,465167,TN
Bn728,15,26884729,26945012,60284,TN
Bn729,15,92525152,92566891,41740,RLP
Bn730,15,37841312,38609182,767871,CN
Bn731,15,28304617,28861210,556594,TNL
Bn732,15,23811280,24035521,224242,CN
Bn733,15,24032343,24253361,221019,RLP
Bn734,15,55429444,55889518,460075,RLP
Bn735,15,88996544,89267966,271423,CN
Bn736,15,48786470,49044595,258126,CN
Bn737,15,63937675,64876478,938804,TM-CC
Bn738,15,71017672,71206664,188993,TM-CC
Bn739,15,95372731,96360033,987303,RLP
Bn740,15,47432685,47768090,335406,NBS
Bn741,15,64005391,64325196,319806,OTHER
Bn742,15,93842656,94778789,936134,TN
Bn743,15,97651790,98470439,818650,TX
Bn744,15,39245204,39519107,273904,OTHER
Bn745,15,51422818,52280990,858173,TNL
Bn746,15,26827599,27642844,815246,TX
Bn747,15,13305207,13702717,397511,RLP
Bn748,15,58768599,59145927,377329,RLK
Bn749,15,20659855,20907355,247501,CNL
Bn750,15,7337579,7867501,529923,TX
Bn751,15,37546392,38201307,654916,TN
Bn752,15,77592771,78475512,882742,RLP
Bn753,15,72067443,72072304,4862,TM-CC
Bn754,15,35749133,36170488,421356,CNL
Bn755,15,51527617,51785726,258110,CNL
Bn756,15,53695343,53708525,13183,CN
Bn757,15,19478837,20205332,726496,TM-CC
Bn758,15,40129887,41087681,957795,TM-CC
Bn759,15,75036488,75110984,74497,TX
Bn760,15,10345438,11246907,901470,RLK
Bn761,15,66847902,67389280,541379,CNL
Bn762,15,61670560,62299840,629281,TN
Bn763,15,19257066,20106800,849735,NBS
Bn764,15,9647702,10420192,772491,NBS
Bn765,15,46110899,46174549,63651,CNL
Bn766,15,45039397,45328487,289091,NBS
Bn767,15,65214711,65256410,41700,TNL
Bn768,15,15420562,16345654,925093,RLK
Bn769,15,99935834,100370793,434960,CN
Bn770,15,61282382,61882690,600309,RLP
Bn771,15,62845427,63127980,282554,CN
Bn772,15,40917253,41367649,450397,TNL
Bn773,15,2296627,2714613,417987,TN
Bn774,15,21395269,22273196,877928,TN
Bn775,15,91323925,91604762,280838,TN
Bn776,15,75419044,75820246,401203,TN
Bn777,15,30581745,30654251,72507,TM-CC
Bn778,15,26869807,27772679,902873,RLP
Bn779,15,14461194,14524576,63383,RLK
Bn780,16,41599788,42387279,787492,TN
Bn781,16,31536710,32125510,588801,RLP
Bn782,16,1150120,1440444,290325,RLP
Bn783,16,52569234,52612696,43463,TNL
Bn784,16,45012906,45040661,27756,RLK
Bn785,16,39611490,40453334,841845,NBS
Bn786,16,96533096,96676414,143319,RLP
Bn787,16,60985519,61922450,936932,RLP
Bn788,16,70016962,70585508,568547,RLP
Bn789,16,43572049,44463108,891060,RLP
Bn790,16,80407292,80630200,222909,RLP
Bn791,16,6510421,7499936,989516,TNL
Bn792,16,54336963,54961108,624146,RLP
Bn793,16,31846022,32065442,219421,RLP
Bn794,16,21471217,21546407,75191,CNL
Bn795,16,67605485,68487610,882126,NBS
Bn796,16,37653573,37653938,366,RLP
Bn797,16,14893182,15124478,231297,RLP
Bn798,16,62531408,63113792,582385,RLP
Bn799,16,9048579,9807114,758536,TX
Bn800,16,96251958,96626623,374666,CNL
Bn801,16,23627370,24277579,650210,TN
Bn802,16,43816710,44515869,699160,TNL
Bn803,16,94589709,94861182,271474,CN
Bn804,16,36225513,37015746,790234,NBS
Bn805,16,54454197,55389108,934912,RLP
Bn806,16,50109079,50857611,748533,OTHER
Bn807,16,93337417,93738126,400710,RLP
Bn808,16,50228418,50506568,278151,CN
Bn809,16,54479986,55197827,717842,TM-CC
Bn810,16,74619604,74916968,297365,TX
Bn811,16,27777639,28571407,793769,TM-CC
Bn812,16,21034735,21729974,695240,TM-CC
Bn813,16,11098375,11371264,272890,RLK
Bn814,16,48766174,49527262,761089,OTHER
Bn815,16,15303047,16038770,735724,RLP
Bn816,16,76953203,77937524,984322,RLK
Bn817,16,51860952,52701225,840274,NBS
Bn818,16,85065992,85600858,534867,RLP
Bn819,16,19444021,20217959,773939,NBS
Bn820,16,33237567,33668277,430711,TX
Bn821,16,22849135,22864999,15865,RLP
Bn822,16,80828497,81265806,437310,TNL
Bn823,16,52810246,52949679,139434,TNL
Bn824,16,7206115,7934470,728356,TX
Bn825,16,63274536,63925546,651011,TNL
Bn826,16,18968086,19537096,569011,OTHER
Bn827,16,81750310,82618581,868272,TM-CC
Bn828,16,45311655,45688600,376946,CN
Bn829,16,35421794,36112623,690830,TM-CC
Bn830,16,48257056,49117444,860389,CNL
Bn831,16,86932916,87664596,731681,TX
Bn832,16,96765959,97431792,665834,NBS
Bn833,16,31246509,31949388,702880,CN
Bn834,17,93642168,94450746,808579,TM-CC
Bn835,17,34205714,34317121,111408,OTHER
Bn836,17,48435455,49257872,822418,RLP
Bn837,17,59247296,59267333,20038,OTHER
Bn838,17,77777119,78043493,266375,RLP
Bn839,17,18737113,19189427,452315,TNL
Bn840,17,85866252,86818166,951915,TNL
Bn841,17,81998055,82698126,700072,TX
Bn842,17,81088842,81934729,845888,OTHER
Bn843,17,86971242,87916256,945015,OTHER
Bn844,17,1837700,2234002,396303,TM-CC
Bn845,17,16359043,16513518,154476,TNL
Bn846,17,94602818,95455892,853075,TN
Bn847,17,96161020,96856589,695570,CNL
Bn848,17,54598911,54840405,241495,OTHER
Bn849,17,98370963,99180568,809606,RLK
Bn850,17,69666568,70294630,628063,NBS
Bn851,17,67586543,67881485,294943,TM-CC
Bn852,17,21044819,21445785,400967,NBS
Bn853,17,46276127,47140087,863961,TM-CC
Bn854,17,26841717,27078263,236547,TX
Bn855,17,33505008,34357147,852140,RLK
Bn856,17,26070125,26722746,652622,TX
Bn857,17,32672034,33397724,725691,OTHER
Bn858,17,96693214,96781679,88466,CN
Bn859,17,70414007,70729184,315178,RLP
Bn860,17,6740623,7519639,779017,CNL
Bn861,17,38199902,38651147,451246,RLP
Bn862,17,83244128,83834846,590719,TM-CC
Bn863,17,24461532,24972676,511145,RLK
Bn864,17,58089774,58379961,290188,CN
Bn865,17,61767032,62638023,870992,TN
Bn866,17,98611810,98977866,366057,RLP
Bn867,17,71016891,71515191,498301,OTHER
Bn868,17,12376299,13214381,838083,RLP
Bn869,17,77544783,78475778,930996,TM-CC
Bn870,17,88113810,88974818,861009,RLK
Bn871,17,8422238,9153269,731032,RLP
Bn872,17,61143253,61200212,56960,TNL
Bn873,17,21911215,22467282,556068,TNL
Bn874,17,25946003,26938815,992813,TNL
Bn875,17,84538696,85136097,597402,OTHER
Bn876,17,63695479,63903221,207743,TNL
Bn877,17,39590100,39725350,135251,CNL
Bn878,17,49866434,49903128,36695,TX
Bn879,17,83051302,83335646,284345,TX
Bn880,17,59851247,60387538,536292,NBS
Bn881,17,30338115,31193027,854913,CNL
Bn882,17,66011108,66018651,7544,OTHER
Bn883,17,90878641,91302609,423969,CNL
Bn884,17,79037684,79252284,214601,OTHER
Bn885,17,70175758,70207180,31423,CN
Bn886,17,87183683,87832824,649142,TN
Bn887,17,73691352,74634536,943185,RLK
Bn888,17,92204125,92524495,320371,OTHER
Bn889,17,65612005,66312189,700185,CN
Bn890,17,29072610,29922872,850263,RLK
Bn891,18,91948713,92940606,991894,CN
Bn892,18,39522436,39594478,72043,TM-CC
Bn893,18,77069081,77660807,591727,OTHER
Bn894,18,38047917,38195014,147098,CN
Bn895,18,94394085,95060808,666724,RLP
Bn896,18,9196206,9943459,747254,TN
Bn897,18,64708613,65412974,704362,CNL
Bn898,18,14889844,15717967,828124,CNL
Bn899,18,16742044,17091139,349096,TM-CC
Bn900,18,42568790,43061773,492984,RLP
Bn901,18,9262258,9303615,41358,TX
Bn902,18,84620758,85244577,623820,RLP
Bn903,18,99806306,100356219,549914,TM-CC
Bn904,18,55088811,55878373,789563,TNL
Bn905,18,90813110,90932650,119541,TM-CC
Bn906,18,36018089,36068091,50003,TNL
Bn907,18,28331811,28589296,257486,RLP
Bn908,18,28238195,28563282,325088,TN
Bn909,18,8163945,8965540,801596,TNL
Bn910,18,77673735,78544830,871096,TM-CC
Bn911,18,14883301,15317673,434373,CNL
Bn912,18,85617870,86154407,536538,CNL
Bn913,18,85566255,85627020,60766,TM-CC
Bn914,18,59937354,60417156,479803,OTHER
Bn915,18,99992518,100818876,826359,TN
Bn916,18,26717723,26934142,216420,RLP
Bn917,18,25388538,25684159,295622,TN
Bn918,18,38145418,38432939,287522,RLP
Bn919,18,60649716,61480567,830852,TNL
Bn920,18,91952890,92376419,423530,TX
Bn921,18,4471764,5455961,984198,TM-CC
Bn922,18,30430887,30435759,4873,OTHER
Bn923,18,23974131,24852334,878204,OTHER
Bn924,18,86341292,87160850,819559,RLP
Bn925,18,7361853,7982734,620882,TN
Bn926,18,96405644,96849396,443753,TX
Bn927,18,66380916,66391635,10720,RLP
Bn928,18,14789939,14914975,125037,RLK
Bn929,18,79274499,79915442,640944,TM-CC
Bn930,18,98592539,98950023,357485,NBS
Bn931,18,28632111,29114600,482490,TX
Bn932,18,59620556,60403908,783353,CN
Bn933,18,10689337,10964051,274715,TX
Bn934,18,53296658,53733854,437197,TM-CC
Bn935,18,62889899,63484208,594310,RLK
Bn936,18,98235523,98899738,664216,CN
Bn937,18,96094571,96205383,110813,TM-CC
Bn938,18,12801632,12841527,39896,OTHER
Bn939,18,88959356,89035964,76609,TNL
Bn940,19,7282908,7846305,563398,RLP
Bn941,19,25201892,25460055,258164,TM-CC
Bn942,19,52090731,52856072,765342,RLP
Bn943,19,41065400,41953286,887887,RLK
Bn944,19,4862323,4902567,40245,CN
Bn945,19,33523992,33995373,471382,CNL
Bn946,19,35409758,35627934,218177,TNL
Bn947,19,23496132,24415647,919516,TM-CC
Bn948,19,62996516,63593494,596979,RLP
Bn949,19,88248230,89074819,826590,RLP
Bn950,19,44445829,45404914,959086,OTHER
Bn951,19,34899732,34941921,42190,RLK
Bn952,19,88248216,89076757,828542,TM-CC
Bn953,19,80440055,80685171,245117,TM-CC
Bn954,19,24406460,24952389,545930,OTHER
Bn955,19,34435339,35140657,705319,OTHER
Bn956,19,10558775,11514544,955770,RLP
Bn957,19,35776927,36510493,733567,TN
Bn958,19,43552735,43563503,10769,RLP
Bn959,19,99016004,99953895,937892,TN
Bn960,19,26892206,27216277,324072,TX
Bn961,19,30545667,31482144,936478,CNL
Bn962,19,31436981,32289129,852149,RLP
Bn963,19,51704663,52568522,863860,NBS
Bn964,19,41875253,42161825,286573,RLP
Bn965,19,1964394,2819609,855216,TX
Bn966,19,23007964,23941059,933096,TM-CC
Bn967,19,6887381,7516749,629369,TM-CC
Bn968,19,84752061,85488325,736265,TN
Bn969,19,11194687,11600750,406064,CN
Bn970,19,73457232,73717661,260430,CNL
Bn971,19,31591070,31601299,10230,TNL
Bn972,19,31215505,31410517,195013,CN
Bn973,19,92443537,92854814,411278,CNL
Bn974,19,23680888,24310036,629149,TN
Bn975,19,74925278,75219600,294323,OTHER
Bn976,19,88042304,88863800,821497,RLP
Bn977,19,72137605,72402228,264624,CNL
Bn978,19,38325993,38841829,515837,NBS
Bn979,19,3422573,3465333,42761,CNL
Bn980,19,39225933,40098183,872251,TX
Bn981,19,97185160,98081794,896635,TNL
Bn982,19,63212845,63840102,627258,OTHER
Bn983,19,21186600,21648273,461674,CN
Bn984,19,41772042,42769330,997289,TX
Bn985,19,96308683,96982461,673779,CNL
Bn986,19,28799104,29076998,277895,RLP
Bn987,19,5798420,5828943,30524,RLP
Bn988,19,89899489,90242378,342890,RLK
Bn989,19,79195776,80173432,977657,OTHER
Bn990,19,98176917,98471562,294646,TM-CC
Bn991,19,52888966,53142465,253500,RLP
Bn992,19,74236560,74752488,515929,OTHER
Bn993,19,34086606,34784882,698277,RLP
Bn994,19,40075361,40807248,731888,OTHER
Bn995,19,37578533,37962261,383729,TM-CC
Bn996,19,23947679,24797566,849888,CNL
Bn997,19,66385733,66485659,99927,RLK
Bn998,19,27568446,28117497,549052,CNL
Bn999,19,14305789,15093055,787267,NBS
Bn1000,19,75535953,76221158,685206,RLP
